year,round,grandPrix,acronym,position,points
2023,1,Bahrain,VER,1,25.0
2023,1,Bahrain,PER,2,18.0
2023,1,Bahrain,ALO,3,15.0
2023,1,Bahrain,SAI,4,12.0
2023,1,Bahrain,HAM,5,10.0
2023,1,Bahrain,STR,6,8.0
2023,1,Bahrain,RUS,7,6.0
2023,1,Bahrain,BOT,8,4.0
2023,1,Bahrain,GAS,9,2.0
2023,1,Bahrain,ALB,10,1.0
2023,1,Bahrain,TSU,11,0.0
2023,1,Bahrain,SAR,12,0.0
2023,1,Bahrain,MAG,13,0.0
2023,1,Bahrain,DEV,14,0.0
2023,1,Bahrain,HUL,15,0.0
2023,1,Bahrain,ZHO,16,0.0
2023,1,Bahrain,NOR,17,0.0
2023,2,Jeddah,VER,1,44.0
2023,2,Jeddah,PER,2,43.0
2023,2,Jeddah,ALO,3,30.0
2023,2,Jeddah,SAI,4,20.0
2023,2,Jeddah,HAM,5,20.0
2023,2,Jeddah,RUS,6,18.0
2023,2,Jeddah,STR,7,8.0
2023,2,Jeddah,LEC,8,6.0
2023,2,Jeddah,BOT,9,4.0
2023,2,Jeddah,OCO,10,4.0
2023,2,Jeddah,GAS,11,4.0
2023,2,Jeddah,MAG,12,1.0
2023,2,Jeddah,ALB,13,1.0
2023,2,Jeddah,TSU,14,0.0
2023,2,Jeddah,HUL,15,0.0
2023,2,Jeddah,SAR,16,0.0
2023,2,Jeddah,ZHO,17,0.0
2023,2,Jeddah,DEV,18,0.0
2023,2,Jeddah,PIA,19,0.0
2023,2,Jeddah,NOR,20,0.0
2023,3,Melbourne,VER,1,69.0
2023,3,Melbourne,PER,2,54.0
2023,3,Melbourne,ALO,3,45.0
2023,3,Melbourne,HAM,4,38.0
2023,3,Melbourne,SAI,5,20.0
2023,3,Melbourne,STR,6,20.0
2023,3,Melbourne,RUS,7,18.0
2023,3,Melbourne,NOR,8,8.0
2023,3,Melbourne,HUL,9,6.0
2023,3,Melbourne,LEC,10,6.0
2023,3,Melbourne,BOT,11,4.0
2023,3,Melbourne,OCO,12,4.0
2023,3,Melbourne,PIA,13,4.0
2023,3,Melbourne,GAS,14,4.0
2023,3,Melbourne,ZHO,15,2.0
2023,3,Melbourne,TSU,16,1.0
2023,3,Melbourne,MAG,17,1.0
2023,3,Melbourne,ALB,18,1.0
2023,3,Melbourne,SAR,19,0.0
2023,3,Melbourne,DEV,20,0.0
2023,4,Baku,VER,1,93.0
2023,4,Baku,PER,2,87.0
2023,4,Baku,ALO,3,60.0
2023,4,Baku,HAM,4,48.0
2023,4,Baku,SAI,5,34.0
2023,4,Baku,LEC,6,28.0
2023,4,Baku,RUS,7,28.0
2023,4,Baku,STR,8,27.0
2023,4,Baku,NOR,9,10.0
2023,4,Baku,HUL,10,6.0
2023,4,Baku,PIA,11,4.0
2023,4,Baku,BOT,12,4.0
2023,4,Baku,OCO,13,4.0
2023,4,Baku,GAS,14,4.0
2023,4,Baku,ZHO,15,2.0
2023,4,Baku,TSU,16,2.0
2023,4,Baku,ALB,17,1.0
2023,4,Baku,MAG,18,1.0
2023,4,Baku,SAR,19,0.0
2023,4,Baku,DEV,20,0.0
2023,5,Miami,VER,1,119.0
2023,5,Miami,PER,2,105.0
2023,5,Miami,ALO,3,75.0
2023,5,Miami,HAM,4,56.0
2023,5,Miami,SAI,5,44.0
2023,5,Miami,RUS,6,40.0
2023,5,Miami,LEC,7,34.0
2023,5,Miami,STR,8,27.0
2023,5,Miami,NOR,9,10.0
2023,5,Miami,GAS,10,8.0
2023,5,Miami,HUL,11,6.0
2023,5,Miami,OCO,12,6.0
2023,5,Miami,BOT,13,4.0
2023,5,Miami,PIA,14,4.0
2023,5,Miami,ZHO,15,2.0
2023,5,Miami,TSU,16,2.0
2023,5,Miami,MAG,17,2.0
2023,5,Miami,ALB,18,1.0
2023,5,Miami,SAR,19,0.0
2023,5,Miami,DEV,20,0.0
2023,6,Monaco,VER,1,144.0
2023,6,Monaco,PER,2,105.0
2023,6,Monaco,ALO,3,93.0
2023,6,Monaco,HAM,4,69.0
2023,6,Monaco,RUS,5,50.0
2023,6,Monaco,SAI,6,48.0
2023,6,Monaco,LEC,7,42.0
2023,6,Monaco,STR,8,27.0
2023,6,Monaco,OCO,9,21.0
2023,6,Monaco,GAS,10,14.0
2023,6,Monaco,NOR,11,12.0
2023,6,Monaco,HUL,12,6.0
2023,6,Monaco,PIA,13,5.0
2023,6,Monaco,BOT,14,4.0
2023,6,Monaco,ZHO,15,2.0
2023,6,Monaco,TSU,16,2.0
2023,6,Monaco,MAG,17,2.0
2023,6,Monaco,ALB,18,1.0
2023,6,Monaco,DEV,19,0.0
2023,6,Monaco,SAR,20,0.0
2023,7,Barcelona,VER,1,170.0
2023,7,Barcelona,PER,2,117.0
2023,7,Barcelona,ALO,3,99.0
2023,7,Barcelona,HAM,4,87.0
2023,7,Barcelona,RUS,5,65.0
2023,7,Barcelona,SAI,6,58.0
2023,7,Barcelona,LEC,7,42.0
2023,7,Barcelona,STR,8,35.0
2023,7,Barcelona,OCO,9,25.0
2023,7,Barcelona,GAS,10,15.0
2023,7,Barcelona,NOR,11,12.0
2023,7,Barcelona,HUL,12,6.0
2023,7,Barcelona,PIA,13,5.0
2023,7,Barcelona,BOT,14,4.0
2023,7,Barcelona,ZHO,15,4.0
2023,7,Barcelona,TSU,16,2.0
2023,7,Barcelona,MAG,17,2.0
2023,7,Barcelona,ALB,18,1.0
2023,7,Barcelona,DEV,19,0.0
2023,7,Barcelona,SAR,20,0.0
2023,8,Montreal,VER,1,195.0
2023,8,Montreal,PER,2,126.0
2023,8,Montreal,ALO,3,117.0
2023,8,Montreal,HAM,4,102.0
2023,8,Montreal,SAI,5,68.0
2023,8,Montreal,RUS,6,65.0
2023,8,Montreal,LEC,7,54.0
2023,8,Montreal,STR,8,37.0
2023,8,Montreal,OCO,9,29.0
2023,8,Montreal,GAS,10,15.0
2023,8,Montreal,NOR,11,12.0
2023,8,Montreal,ALB,12,7.0
2023,8,Montreal,HUL,13,6.0
2023,8,Montreal,PIA,14,5.0
2023,8,Montreal,BOT,15,5.0
2023,8,Montreal,ZHO,16,4.0
2023,8,Montreal,TSU,17,2.0
2023,8,Montreal,MAG,18,2.0
2023,8,Montreal,DEV,19,0.0
2023,8,Montreal,SAR,20,0.0
2023,9,Austria,VER,1,229.0
2023,9,Austria,PER,2,148.0
2023,9,Austria,ALO,3,131.0
2023,9,Austria,HAM,4,106.0
2023,9,Austria,SAI,5,82.0
2023,9,Austria,LEC,6,72.0
2023,9,Austria,RUS,7,72.0
2023,9,Austria,STR,8,44.0
2023,9,Austria,OCO,9,31.0
2023,9,Austria,NOR,10,24.0
2023,9,Austria,GAS,11,16.0
2023,9,Austria,HUL,12,9.0
2023,9,Austria,ALB,13,7.0
2023,9,Austria,PIA,14,5.0
2023,9,Austria,BOT,15,5.0
2023,9,Austria,ZHO,16,4.0
2023,9,Austria,TSU,17,2.0
2023,9,Austria,MAG,18,2.0
2023,9,Austria,SAR,19,0.0
2023,9,Austria,DEV,20,0.0
2023,10,Silverstone,VER,1,255.0
2023,10,Silverstone,PER,2,156.0
2023,10,Silverstone,ALO,3,137.0
2023,10,Silverstone,HAM,4,121.0
2023,10,Silverstone,SAI,5,83.0
2023,10,Silverstone,RUS,6,82.0
2023,10,Silverstone,LEC,7,74.0
2023,10,Silverstone,STR,8,44.0
2023,10,Silverstone,NOR,9,42.0
2023,10,Silverstone,OCO,10,31.0
2023,10,Silverstone,PIA,11,17.0
2023,10,Silverstone,GAS,12,16.0
2023,10,Silverstone,ALB,13,11.0
2023,10,Silverstone,HUL,14,9.0
2023,10,Silverstone,BOT,15,5.0
2023,10,Silverstone,ZHO,16,4.0
2023,10,Silverstone,TSU,17,2.0
2023,10,Silverstone,MAG,18,2.0
2023,10,Silverstone,SAR,19,0.0
2023,10,Silverstone,DEV,20,0.0
2023,11,Hungary,VER,1,281.0
2023,11,Hungary,PER,2,171.0
2023,11,Hungary,ALO,3,139.0
2023,11,Hungary,HAM,4,133.0
2023,11,Hungary,RUS,5,90.0
2023,11,Hungary,SAI,6,87.0
2023,11,Hungary,LEC,7,80.0
2023,11,Hungary,NOR,8,60.0
2023,11,Hungary,STR,9,45.0
2023,11,Hungary,OCO,10,31.0
2023,11,Hungary,PIA,11,27.0
2023,11,Hungary,GAS,12,16.0
2023,11,Hungary,ALB,13,11.0
2023,11,Hungary,HUL,14,9.0
2023,11,Hungary,BOT,15,5.0
2023,11,Hungary,ZHO,16,4.0
2023,11,Hungary,TSU,17,2.0
2023,11,Hungary,MAG,18,2.0
2023,11,Hungary,SAR,19,0.0
2023,11,Hungary,DEV,20,0.0
2023,11,Hungary,RIC,21,0.0
2023,12,Spa,VER,1,314.0
2023,12,Spa,PER,2,189.0
2023,12,Spa,ALO,3,149.0
2023,12,Spa,HAM,4,148.0
2023,12,Spa,LEC,5,99.0
2023,12,Spa,RUS,6,99.0
2023,12,Spa,SAI,7,92.0
2023,12,Spa,NOR,8,69.0
2023,12,Spa,STR,9,47.0
2023,12,Spa,OCO,10,35.0
2023,12,Spa,PIA,11,34.0
2023,12,Spa,GAS,12,22.0
2023,12,Spa,ALB,13,11.0
2023,12,Spa,HUL,14,9.0
2023,12,Spa,BOT,15,5.0
2023,12,Spa,ZHO,16,4.0
2023,12,Spa,TSU,17,3.0
2023,12,Spa,MAG,18,2.0
2023,12,Spa,SAR,19,0.0
2023,12,Spa,DEV,20,0.0
2023,12,Spa,RIC,21,0.0
2023,13,Zandvoort,VER,1,339.0
2023,13,Zandvoort,PER,2,201.0
2023,13,Zandvoort,ALO,3,168.0
2023,13,Zandvoort,HAM,4,156.0
2023,13,Zandvoort,SAI,5,102.0
2023,13,Zandvoort,LEC,6,99.0
2023,13,Zandvoort,RUS,7,99.0
2023,13,Zandvoort,NOR,8,75.0
2023,13,Zandvoort,STR,9,47.0
2023,13,Zandvoort,GAS,10,37.0
2023,13,Zandvoort,OCO,11,36.0
2023,13,Zandvoort,PIA,12,36.0
2023,13,Zandvoort,ALB,13,15.0
2023,13,Zandvoort,HUL,14,9.0
2023,13,Zandvoort,BOT,15,5.0
2023,13,Zandvoort,ZHO,16,4.0
2023,13,Zandvoort,TSU,17,3.0
2023,13,Zandvoort,MAG,18,2.0
2023,13,Zandvoort,SAR,19,0.0
2023,13,Zandvoort,DEV,20,0.0
2023,13,Zandvoort,RIC,21,0.0
2023,13,Zandvoort,LAW,22,0.0
2023,14,Monza,VER,1,364.0
2023,14,Monza,PER,2,219.0
2023,14,Monza,ALO,3,170.0
2023,14,Monza,HAM,4,164.0
2023,14,Monza,SAI,5,117.0
2023,14,Monza,LEC,6,111.0
2023,14,Monza,RUS,7,109.0
2023,14,Monza,NOR,8,79.0
2023,14,Monza,STR,9,47.0
2023,14,Monza,GAS,10,37.0
2023,14,Monza,OCO,11,36.0
2023,14,Monza,PIA,12,36.0
2023,14,Monza,ALB,13,21.0
2023,14,Monza,HUL,14,9.0
2023,14,Monza,BOT,15,6.0
2023,14,Monza,ZHO,16,4.0
2023,14,Monza,TSU,17,3.0
2023,14,Monza,MAG,18,2.0
2023,14,Monza,SAR,19,0.0
2023,14,Monza,LAW,20,0.0
2023,14,Monza,DEV,21,0.0
2023,14,Monza,RIC,22,0.0
2023,15,Singapore,VER,1,374.0
2023,15,Singapore,PER,2,223.0
2023,15,Singapore,HAM,3,180.0
2023,15,Singapore,ALO,4,170.0
2023,15,Singapore,SAI,5,142.0
2023,15,Singapore,LEC,6,123.0
2023,15,Singapore,RUS,7,109.0
2023,15,Singapore,NOR,8,97.0
2023,15,Singapore,STR,9,47.0
2023,15,Singapore,GAS,10,45.0
2023,15,Singapore,PIA,11,42.0
2023,15,Singapore,OCO,12,36.0
2023,15,Singapore,ALB,13,21.0
2023,15,Singapore,HUL,14,9.0
2023,15,Singapore,BOT,15,6.0
2023,15,Singapore,ZHO,16,4.0
2023,15,Singapore,TSU,17,3.0
2023,15,Singapore,MAG,18,3.0
2023,15,Singapore,LAW,19,2.0
2023,15,Singapore,SAR,20,0.0
2023,15,Singapore,DEV,21,0.0
2023,15,Singapore,RIC,22,0.0
2023,16,Suzuka,VER,1,400.0
2023,16,Suzuka,PER,2,223.0
2023,16,Suzuka,HAM,3,190.0
2023,16,Suzuka,ALO,4,174.0
2023,16,Suzuka,SAI,5,150.0
2023,16,Suzuka,LEC,6,135.0
2023,16,Suzuka,NOR,7,115.0
2023,16,Suzuka,RUS,8,115.0
2023,16,Suzuka,PIA,9,57.0
2023,16,Suzuka,STR,10,47.0
2023,16,Suzuka,GAS,11,46.0
2023,16,Suzuka,OCO,12,38.0
2023,16,Suzuka,ALB,13,21.0
2023,16,Suzuka,HUL,14,9.0
2023,16,Suzuka,BOT,15,6.0
2023,16,Suzuka,ZHO,16,4.0
2023,16,Suzuka,TSU,17,3.0
2023,16,Suzuka,MAG,18,3.0
2023,16,Suzuka,LAW,19,2.0
2023,16,Suzuka,SAR,20,0.0
2023,16,Suzuka,DEV,21,0.0
2023,16,Suzuka,RIC,22,0.0
2023,17,Qatar,VER,1,433.0
2023,17,Qatar,PER,2,224.0
2023,17,Qatar,HAM,3,194.0
2023,17,Qatar,ALO,4,183.0
2023,17,Qatar,SAI,5,153.0
2023,17,Qatar,LEC,6,145.0
2023,17,Qatar,NOR,7,136.0
2023,17,Qatar,RUS,8,132.0
2023,17,Qatar,PIA,9,83.0
2023,17,Qatar,STR,10,47.0
2023,17,Qatar,GAS,11,46.0
2023,17,Qatar,OCO,12,44.0
2023,17,Qatar,ALB,13,23.0
2023,17,Qatar,BOT,14,10.0
2023,17,Qatar,HUL,15,9.0
2023,17,Qatar,ZHO,16,6.0
2023,17,Qatar,TSU,17,3.0
2023,17,Qatar,MAG,18,3.0
2023,17,Qatar,LAW,19,2.0
2023,17,Qatar,SAR,20,0.0
2023,17,Qatar,DEV,21,0.0
2023,17,Qatar,RIC,22,0.0
2023,18,Austin,VER,1,466.0
2023,18,Austin,PER,2,240.0
2023,18,Austin,HAM,3,201.0
2023,18,Austin,ALO,4,183.0
2023,18,Austin,SAI,5,171.0
2023,18,Austin,NOR,6,159.0
2023,18,Austin,LEC,7,151.0
2023,18,Austin,RUS,8,143.0
2023,18,Austin,PIA,9,83.0
2023,18,Austin,GAS,10,56.0
2023,18,Austin,STR,11,53.0
2023,18,Austin,OCO,12,44.0
2023,18,Austin,ALB,13,25.0
2023,18,Austin,BOT,14,10.0
2023,18,Austin,HUL,15,9.0
2023,18,Austin,TSU,16,8.0
2023,18,Austin,ZHO,17,6.0
2023,18,Austin,MAG,18,3.0
2023,18,Austin,LAW,19,2.0
2023,18,Austin,SAR,20,1.0
2023,18,Austin,DEV,21,0.0
2023,18,Austin,RIC,22,0.0
2023,19,Mexico City,VER,1,491.0
2023,19,Mexico City,PER,2,240.0
2023,19,Mexico City,HAM,3,220.0
2023,19,Mexico City,SAI,4,183.0
2023,19,Mexico City,ALO,5,183.0
2023,19,Mexico City,NOR,6,169.0
2023,19,Mexico City,LEC,7,166.0
2023,19,Mexico City,RUS,8,151.0
2023,19,Mexico City,PIA,9,87.0
2023,19,Mexico City,GAS,10,56.0
2023,19,Mexico City,STR,11,53.0
2023,19,Mexico City,OCO,12,45.0
2023,19,Mexico City,ALB,13,27.0
2023,19,Mexico City,BOT,14,10.0
2023,19,Mexico City,HUL,15,9.0
2023,19,Mexico City,TSU,16,8.0
2023,19,Mexico City,RIC,17,6.0
2023,19,Mexico City,ZHO,18,6.0
2023,19,Mexico City,MAG,19,3.0
2023,19,Mexico City,LAW,20,2.0
2023,19,Mexico City,SAR,21,1.0
2023,19,Mexico City,DEV,22,0.0
2023,20,Sao Paulo,VER,1,524.0
2023,20,Sao Paulo,PER,2,258.0
2023,20,Sao Paulo,HAM,3,226.0
2023,20,Sao Paulo,ALO,4,198.0
2023,20,Sao Paulo,NOR,5,195.0
2023,20,Sao Paulo,SAI,6,192.0
2023,20,Sao Paulo,LEC,7,170.0
2023,20,Sao Paulo,RUS,8,156.0
2023,20,Sao Paulo,PIA,9,87.0
2023,20,Sao Paulo,STR,10,63.0
2023,20,Sao Paulo,GAS,11,62.0
2023,20,Sao Paulo,OCO,12,46.0
2023,20,Sao Paulo,ALB,13,27.0
2023,20,Sao Paulo,TSU,14,13.0
2023,20,Sao Paulo,BOT,15,10.0
2023,20,Sao Paulo,HUL,16,9.0
2023,20,Sao Paulo,RIC,17,6.0
2023,20,Sao Paulo,ZHO,18,6.0
2023,20,Sao Paulo,MAG,19,3.0
2023,20,Sao Paulo,LAW,20,2.0
2023,20,Sao Paulo,SAR,21,1.0
2023,20,Sao Paulo,DEV,22,0.0
2023,21,Las Vegas,VER,1,549.0
2023,21,Las Vegas,PER,2,273.0
2023,21,Las Vegas,HAM,3,232.0
2023,21,Las Vegas,SAI,4,200.0
2023,21,Las Vegas,ALO,5,200.0
2023,21,Las Vegas,NOR,6,195.0
2023,21,Las Vegas,LEC,7,188.0
2023,21,Las Vegas,RUS,8,160.0
2023,21,Las Vegas,PIA,9,89.0
2023,21,Las Vegas,STR,10,73.0
2023,21,Las Vegas,GAS,11,62.0
2023,21,Las Vegas,OCO,12,58.0
2023,21,Las Vegas,ALB,13,27.0
2023,21,Las Vegas,TSU,14,13.0
2023,21,Las Vegas,BOT,15,10.0
2023,21,Las Vegas,HUL,16,9.0
2023,21,Las Vegas,RIC,17,6.0
2023,21,Las Vegas,ZHO,18,6.0
2023,21,Las Vegas,MAG,19,3.0
2023,21,Las Vegas,LAW,20,2.0
2023,21,Las Vegas,SAR,21,1.0
2023,21,Las Vegas,DEV,22,0.0
2023,22,Abu Dhabi,VER,1,575.0
2023,22,Abu Dhabi,PER,2,285.0
2023,22,Abu Dhabi,HAM,3,234.0
2023,22,Abu Dhabi,ALO,4,206.0
2023,22,Abu Dhabi,LEC,5,206.0
2023,22,Abu Dhabi,NOR,6,205.0
2023,22,Abu Dhabi,SAI,7,200.0
2023,22,Abu Dhabi,RUS,8,175.0
2023,22,Abu Dhabi,PIA,9,97.0
2023,22,Abu Dhabi,STR,10,74.0
2023,22,Abu Dhabi,GAS,11,62.0
2023,22,Abu Dhabi,OCO,12,58.0
2023,22,Abu Dhabi,ALB,13,27.0
2023,22,Abu Dhabi,TSU,14,17.0
2023,22,Abu Dhabi,BOT,15,10.0
2023,22,Abu Dhabi,HUL,16,9.0
2023,22,Abu Dhabi,RIC,17,6.0
2023,22,Abu Dhabi,ZHO,18,6.0
2023,22,Abu Dhabi,MAG,19,3.0
2023,22,Abu Dhabi,LAW,20,2.0
2023,22,Abu Dhabi,SAR,21,1.0
2023,22,Abu Dhabi,DEV,22,0.0
2024,1,Bahrain,VER,1,26.0
2024,1,Bahrain,PER,2,18.0
2024,1,Bahrain,SAI,3,15.0
2024,1,Bahrain,LEC,4,12.0
2024,1,Bahrain,RUS,5,10.0
2024,1,Bahrain,NOR,6,8.0
2024,1,Bahrain,HAM,7,6.0
2024,1,Bahrain,PIA,8,4.0
2024,1,Bahrain,ALO,9,2.0
2024,1,Bahrain,STR,10,1.0
2024,1,Bahrain,ZHO,11,0.0
2024,1,Bahrain,MAG,12,0.0
2024,1,Bahrain,RIC,13,0.0
2024,1,Bahrain,TSU,14,0.0
2024,1,Bahrain,ALB,15,0.0
2024,1,Bahrain,HUL,16,0.0
2024,1,Bahrain,OCO,17,0.0
2024,1,Bahrain,GAS,18,0.0
2024,1,Bahrain,BOT,19,0.0
2024,1,Bahrain,SAR,20,0.0
2024,2,Jeddah,VER,1,51.0
2024,2,Jeddah,PER,2,36.0
2024,2,Jeddah,LEC,3,28.0
2024,2,Jeddah,RUS,4,18.0
2024,2,Jeddah,PIA,5,16.0
2024,2,Jeddah,SAI,6,15.0
2024,2,Jeddah,ALO,7,12.0
2024,2,Jeddah,NOR,8,12.0
2024,2,Jeddah,HAM,9,8.0
2024,2,Jeddah,BEA,10,6.0
2024,2,Jeddah,HUL,11,1.0
2024,2,Jeddah,STR,12,1.0
2024,2,Jeddah,ALB,13,0.0
2024,2,Jeddah,ZHO,14,0.0
2024,2,Jeddah,MAG,15,0.0
2024,2,Jeddah,RIC,16,0.0
2024,2,Jeddah,OCO,17,0.0
2024,2,Jeddah,TSU,18,0.0
2024,2,Jeddah,SAR,19,0.0
2024,2,Jeddah,BOT,20,0.0
2024,2,Jeddah,GAS,21,0.0
2024,3,Melbourne,VER,1,51.0
2024,3,Melbourne,LEC,2,47.0
2024,3,Melbourne,PER,3,46.0
2024,3,Melbourne,SAI,4,40.0
2024,3,Melbourne,PIA,5,28.0
2024,3,Melbourne,NOR,6,27.0
2024,3,Melbourne,RUS,7,18.0
2024,3,Melbourne,ALO,8,16.0
2024,3,Melbourne,STR,9,9.0
2024,3,Melbourne,HAM,10,8.0
2024,3,Melbourne,TSU,11,6.0
2024,3,Melbourne,BEA,12,6.0
2024,3,Melbourne,HUL,13,3.0
2024,3,Melbourne,MAG,14,1.0
2024,3,Melbourne,ALB,15,0.0
2024,3,Melbourne,ZHO,16,0.0
2024,3,Melbourne,RIC,17,0.0
2024,3,Melbourne,OCO,18,0.0
2024,3,Melbourne,GAS,19,0.0
2024,3,Melbourne,BOT,20,0.0
2024,3,Melbourne,SAR,21,0.0
2024,4,Suzuka,VER,1,77.0
2024,4,Suzuka,PER,2,64.0
2024,4,Suzuka,LEC,3,59.0
2024,4,Suzuka,SAI,4,55.0
2024,4,Suzuka,NOR,5,37.0
2024,4,Suzuka,PIA,6,32.0
2024,4,Suzuka,RUS,7,24.0
2024,4,Suzuka,ALO,8,24.0
2024,4,Suzuka,HAM,9,10.0
2024,4,Suzuka,STR,10,9.0
2024,4,Suzuka,TSU,11,7.0
2024,4,Suzuka,BEA,12,6.0
2024,4,Suzuka,HUL,13,3.0
2024,4,Suzuka,MAG,14,1.0
2024,4,Suzuka,ALB,15,0.0
2024,4,Suzuka,ZHO,16,0.0
2024,4,Suzuka,RIC,17,0.0
2024,4,Suzuka,OCO,18,0.0
2024,4,Suzuka,GAS,19,0.0
2024,4,Suzuka,BOT,20,0.0
2024,4,Suzuka,SAR,21,0.0
2024,5,Shanghai,VER,1,110.0
2024,5,Shanghai,PER,2,85.0
2024,5,Shanghai,LEC,3,76.0
2024,5,Shanghai,SAI,4,69.0
2024,5,Shanghai,NOR,5,58.0
2024,5,Shanghai,PIA,6,38.0
2024,5,Shanghai,RUS,7,33.0
2024,5,Shanghai,ALO,8,31.0
2024,5,Shanghai,HAM,9,19.0
2024,5,Shanghai,STR,10,9.0
2024,5,Shanghai,TSU,11,7.0
2024,5,Shanghai,BEA,12,6.0
2024,5,Shanghai,HUL,13,4.0
2024,5,Shanghai,MAG,14,1.0
2024,5,Shanghai,ALB,15,0.0
2024,5,Shanghai,OCO,16,0.0
2024,5,Shanghai,ZHO,17,0.0
2024,5,Shanghai,RIC,18,0.0
2024,5,Shanghai,GAS,19,0.0
2024,5,Shanghai,BOT,20,0.0
2024,5,Shanghai,SAR,21,0.0
2024,6,Miami,VER,1,136.0
2024,6,Miami,PER,2,103.0
2024,6,Miami,LEC,3,98.0
2024,6,Miami,NOR,4,83.0
2024,6,Miami,SAI,5,83.0
2024,6,Miami,PIA,6,41.0
2024,6,Miami,RUS,7,37.0
2024,6,Miami,ALO,8,33.0
2024,6,Miami,HAM,9,27.0
2024,6,Miami,TSU,10,14.0
2024,6,Miami,STR,11,9.0
2024,6,Miami,BEA,12,6.0
2024,6,Miami,HUL,13,6.0
2024,6,Miami,RIC,14,5.0
2024,6,Miami,OCO,15,1.0
2024,6,Miami,MAG,16,1.0
2024,6,Miami,ALB,17,0.0
2024,6,Miami,ZHO,18,0.0
2024,6,Miami,GAS,19,0.0
2024,6,Miami,BOT,20,0.0
2024,6,Miami,SAR,21,0.0
2024,7,Imola,VER,1,161.0
2024,7,Imola,LEC,2,113.0
2024,7,Imola,PER,3,107.0
2024,7,Imola,NOR,4,101.0
2024,7,Imola,SAI,5,93.0
2024,7,Imola,PIA,6,53.0
2024,7,Imola,RUS,7,44.0
2024,7,Imola,HAM,8,35.0
2024,7,Imola,ALO,9,33.0
2024,7,Imola,TSU,10,15.0
2024,7,Imola,STR,11,11.0
2024,7,Imola,BEA,12,6.0
2024,7,Imola,HUL,13,6.0
2024,7,Imola,RIC,14,5.0
2024,7,Imola,OCO,15,1.0
2024,7,Imola,MAG,16,1.0
2024,7,Imola,ALB,17,0.0
2024,7,Imola,ZHO,18,0.0
2024,7,Imola,GAS,19,0.0
2024,7,Imola,BOT,20,0.0
2024,7,Imola,SAR,21,0.0
2024,8,Monaco,VER,1,169.0
2024,8,Monaco,LEC,2,138.0
2024,8,Monaco,NOR,3,113.0
2024,8,Monaco,SAI,4,108.0
2024,8,Monaco,PER,5,107.0
2024,8,Monaco,PIA,6,71.0
2024,8,Monaco,RUS,7,54.0
2024,8,Monaco,HAM,8,42.0
2024,8,Monaco,ALO,9,33.0
2024,8,Monaco,TSU,10,19.0
2024,8,Monaco,STR,11,11.0
2024,8,Monaco,BEA,12,6.0
2024,8,Monaco,HUL,13,6.0
2024,8,Monaco,RIC,14,5.0
2024,8,Monaco,ALB,15,2.0
2024,8,Monaco,OCO,16,1.0
2024,8,Monaco,MAG,17,1.0
2024,8,Monaco,GAS,18,1.0
2024,8,Monaco,ZHO,19,0.0
2024,8,Monaco,BOT,20,0.0
2024,8,Monaco,SAR,21,0.0
2024,9,Montreal,VER,1,194.0
2024,9,Montreal,LEC,2,138.0
2024,9,Montreal,NOR,3,131.0
2024,9,Montreal,SAI,4,108.0
2024,9,Montreal,PER,5,107.0
2024,9,Montreal,PIA,6,81.0
2024,9,Montreal,RUS,7,69.0
2024,9,Montreal,HAM,8,55.0
2024,9,Montreal,ALO,9,41.0
2024,9,Montreal,TSU,10,19.0
2024,9,Montreal,STR,11,17.0
2024,9,Montreal,RIC,12,9.0
2024,9,Montreal,BEA,13,6.0
2024,9,Montreal,HUL,14,6.0
2024,9,Montreal,GAS,15,3.0
2024,9,Montreal,ALB,16,2.0
2024,9,Montreal,OCO,17,2.0
2024,9,Montreal,MAG,18,1.0
2024,9,Montreal,ZHO,19,0.0
2024,9,Montreal,BOT,20,0.0
2024,9,Montreal,SAR,21,0.0
2024,10,Barcelona,VER,1,219.0
2024,10,Barcelona,NOR,2,150.0
2024,10,Barcelona,LEC,3,148.0
2024,10,Barcelona,SAI,4,116.0
2024,10,Barcelona,PER,5,111.0
2024,10,Barcelona,PIA,6,87.0
2024,10,Barcelona,RUS,7,81.0
2024,10,Barcelona,HAM,8,70.0
2024,10,Barcelona,ALO,9,41.0
2024,10,Barcelona,TSU,10,19.0
2024,10,Barcelona,STR,11,17.0
2024,10,Barcelona,RIC,12,9.0
2024,10,Barcelona,BEA,13,6.0
2024,10,Barcelona,HUL,14,6.0
2024,10,Barcelona,GAS,15,5.0
2024,10,Barcelona,OCO,16,3.0
2024,10,Barcelona,ALB,17,2.0
2024,10,Barcelona,MAG,18,1.0
2024,10,Barcelona,ZHO,19,0.0
2024,10,Barcelona,BOT,20,0.0
2024,10,Barcelona,SAR,21,0.0
2024,11,Austria,VER,1,237.0
2024,11,Austria,NOR,2,156.0
2024,11,Austria,LEC,3,150.0
2024,11,Austria,SAI,4,135.0
2024,11,Austria,PER,5,118.0
2024,11,Austria,PIA,6,112.0
2024,11,Austria,RUS,7,111.0
2024,11,Austria,HAM,8,85.0
2024,11,Austria,ALO,9,41.0
2024,11,Austria,TSU,10,19.0
2024,11,Austria,STR,11,17.0
2024,11,Austria,HUL,12,14.0
2024,11,Austria,RIC,13,11.0
2024,11,Austria,BEA,14,6.0
2024,11,Austria,GAS,15,6.0
2024,11,Austria,MAG,16,5.0
2024,11,Austria,OCO,17,3.0
2024,11,Austria,ALB,18,2.0
2024,11,Austria,ZHO,19,0.0
2024,11,Austria,BOT,20,0.0
2024,11,Austria,SAR,21,0.0
2024,12,Silverstone,VER,1,255.0
2024,12,Silverstone,NOR,2,171.0
2024,12,Silverstone,LEC,3,150.0
2024,12,Silverstone,SAI,4,146.0
2024,12,Silverstone,PIA,5,124.0
2024,12,Silverstone,PER,6,118.0
2024,12,Silverstone,RUS,7,111.0
2024,12,Silverstone,HAM,8,110.0
2024,12,Silverstone,ALO,9,45.0
2024,12,Silverstone,STR,10,23.0
2024,12,Silverstone,HUL,11,22.0
2024,12,Silverstone,TSU,12,20.0
2024,12,Silverstone,RIC,13,11.0
2024,12,Silverstone,BEA,14,6.0
2024,12,Silverstone,GAS,15,6.0
2024,12,Silverstone,MAG,16,5.0
2024,12,Silverstone,ALB,17,4.0
2024,12,Silverstone,OCO,18,3.0
2024,12,Silverstone,ZHO,19,0.0
2024,12,Silverstone,SAR,20,0.0
2024,12,Silverstone,BOT,21,0.0
2024,13,Hungary,VER,1,265.0
2024,13,Hungary,NOR,2,189.0
2024,13,Hungary,LEC,3,162.0
2024,13,Hungary,SAI,4,154.0
2024,13,Hungary,PIA,5,149.0
2024,13,Hungary,HAM,6,125.0
2024,13,Hungary,PER,7,124.0
2024,13,Hungary,RUS,8,116.0
2024,13,Hungary,ALO,9,45.0
2024,13,Hungary,STR,10,24.0
2024,13,Hungary,HUL,11,22.0
2024,13,Hungary,TSU,12,22.0
2024,13,Hungary,RIC,13,11.0
2024,13,Hungary,BEA,14,6.0
2024,13,Hungary,GAS,15,6.0
2024,13,Hungary,MAG,16,5.0
2024,13,Hungary,ALB,17,4.0
2024,13,Hungary,OCO,18,3.0
2024,13,Hungary,ZHO,19,0.0
2024,13,Hungary,SAR,20,0.0
2024,13,Hungary,BOT,21,0.0
2024,14,Spa,VER,1,277.0
2024,14,Spa,NOR,2,199.0
2024,14,Spa,LEC,3,177.0
2024,14,Spa,PIA,4,167.0
2024,14,Spa,SAI,5,162.0
2024,14,Spa,HAM,6,150.0
2024,14,Spa,PER,7,131.0
2024,14,Spa,RUS,8,116.0
2024,14,Spa,ALO,9,49.0
2024,14,Spa,STR,10,24.0
2024,14,Spa,HUL,11,22.0
2024,14,Spa,TSU,12,22.0
2024,14,Spa,RIC,13,12.0
2024,14,Spa,BEA,14,6.0
2024,14,Spa,GAS,15,6.0
2024,14,Spa,MAG,16,5.0
2024,14,Spa,OCO,17,5.0
2024,14,Spa,ALB,18,4.0
2024,14,Spa,ZHO,19,0.0
2024,14,Spa,SAR,20,0.0
2024,14,Spa,BOT,21,0.0
2024,15,Zandvoort,VER,1,295.0
2024,15,Zandvoort,NOR,2,225.0
2024,15,Zandvoort,LEC,3,192.0
2024,15,Zandvoort,PIA,4,179.0
2024,15,Zandvoort,SAI,5,172.0
2024,15,Zandvoort,HAM,6,154.0
2024,15,Zandvoort,PER,7,139.0
2024,15,Zandvoort,RUS,8,122.0
2024,15,Zandvoort,ALO,9,50.0
2024,15,Zandvoort,STR,10,24.0
2024,15,Zandvoort,HUL,11,22.0
2024,15,Zandvoort,TSU,12,22.0
2024,15,Zandvoort,RIC,13,12.0
2024,15,Zandvoort,GAS,14,8.0
2024,15,Zandvoort,BEA,15,6.0
2024,15,Zandvoort,MAG,16,5.0
2024,15,Zandvoort,OCO,17,5.0
2024,15,Zandvoort,ALB,18,4.0
2024,15,Zandvoort,ZHO,19,0.0
2024,15,Zandvoort,SAR,20,0.0
2024,15,Zandvoort,BOT,21,0.0
2024,16,Monza,VER,1,303.0
2024,16,Monza,NOR,2,241.0
2024,16,Monza,LEC,3,217.0
2024,16,Monza,PIA,4,197.0
2024,16,Monza,SAI,5,184.0
2024,16,Monza,HAM,6,164.0
2024,16,Monza,PER,7,143.0
2024,16,Monza,RUS,8,128.0
2024,16,Monza,ALO,9,50.0
2024,16,Monza,STR,10,24.0
2024,16,Monza,HUL,11,22.0
2024,16,Monza,TSU,12,22.0
2024,16,Monza,RIC,13,12.0
2024,16,Monza,GAS,14,8.0
2024,16,Monza,BEA,15,6.0
2024,16,Monza,MAG,16,6.0
2024,16,Monza,ALB,17,6.0
2024,16,Monza,OCO,18,5.0
2024,16,Monza,ZHO,19,0.0
2024,16,Monza,SAR,20,0.0
2024,16,Monza,COL,21,0.0
2024,16,Monza,BOT,22,0.0
2024,17,Baku,VER,1,313.0
2024,17,Baku,NOR,2,254.0
2024,17,Baku,LEC,3,235.0
2024,17,Baku,PIA,4,222.0
2024,17,Baku,SAI,5,184.0
2024,17,Baku,HAM,6,166.0
2024,17,Baku,RUS,7,143.0
2024,17,Baku,PER,8,143.0
2024,17,Baku,ALO,9,58.0
2024,17,Baku,STR,10,24.0
2024,17,Baku,HUL,11,22.0
2024,17,Baku,TSU,12,22.0
2024,17,Baku,ALB,13,12.0
2024,17,Baku,RIC,14,12.0
2024,17,Baku,GAS,15,8.0
2024,17,Baku,BEA,16,7.0
2024,17,Baku,MAG,17,6.0
2024,17,Baku,OCO,18,5.0
2024,17,Baku,COL,19,4.0
2024,17,Baku,ZHO,20,0.0
2024,17,Baku,SAR,21,0.0
2024,17,Baku,BOT,22,0.0
2024,18,Singapore,VER,1,331.0
2024,18,Singapore,NOR,2,279.0
2024,18,Singapore,LEC,3,245.0
2024,18,Singapore,PIA,4,237.0
2024,18,Singapore,SAI,5,190.0
2024,18,Singapore,HAM,6,174.0
2024,18,Singapore,RUS,7,155.0
2024,18,Singapore,PER,8,144.0
2024,18,Singapore,ALO,9,62.0
2024,18,Singapore,HUL,10,24.0
2024,18,Singapore,STR,11,24.0
2024,18,Singapore,TSU,12,22.0
2024,18,Singapore,ALB,13,12.0
2024,18,Singapore,RIC,14,12.0
2024,18,Singapore,GAS,15,8.0
2024,18,Singapore,BEA,16,7.0
2024,18,Singapore,MAG,17,6.0
2024,18,Singapore,OCO,18,5.0
2024,18,Singapore,COL,19,4.0
2024,18,Singapore,ZHO,20,0.0
2024,18,Singapore,SAR,21,0.0
2024,18,Singapore,BOT,22,0.0
2024,19,Austin,VER,1,354.0
2024,19,Austin,NOR,2,297.0
2024,19,Austin,LEC,3,275.0
2024,19,Austin,PIA,4,247.0
2024,19,Austin,SAI,5,215.0
2024,19,Austin,HAM,6,177.0
2024,19,Austin,RUS,7,167.0
2024,19,Austin,PER,8,150.0
2024,19,Austin,ALO,9,62.0
2024,19,Austin,HUL,10,29.0
2024,19,Austin,STR,11,24.0
2024,19,Austin,TSU,12,22.0
2024,19,Austin,ALB,13,12.0
2024,19,Austin,RIC,14,12.0
2024,19,Austin,MAG,15,8.0
2024,19,Austin,GAS,16,8.0
2024,19,Austin,BEA,17,7.0
2024,19,Austin,COL,18,5.0
2024,19,Austin,OCO,19,5.0
2024,19,Austin,LAW,20,2.0
2024,19,Austin,ZHO,21,0.0
2024,19,Austin,SAR,22,0.0
2024,19,Austin,BOT,23,0.0
2024,20,Mexico City,VER,1,362.0
2024,20,Mexico City,NOR,2,315.0
2024,20,Mexico City,LEC,3,291.0
2024,20,Mexico City,PIA,4,251.0
2024,20,Mexico City,SAI,5,240.0
2024,20,Mexico City,HAM,6,189.0
2024,20,Mexico City,RUS,7,177.0
2024,20,Mexico City,PER,8,150.0
2024,20,Mexico City,ALO,9,62.0
2024,20,Mexico City,HUL,10,31.0
2024,20,Mexico City,STR,11,24.0
2024,20,Mexico City,TSU,12,22.0
2024,20,Mexico City,MAG,13,14.0
2024,20,Mexico City,ALB,14,12.0
2024,20,Mexico City,RIC,15,12.0
2024,20,Mexico City,GAS,16,9.0
2024,20,Mexico City,BEA,17,7.0
2024,20,Mexico City,COL,18,5.0
2024,20,Mexico City,OCO,19,5.0
2024,20,Mexico City,LAW,20,2.0
2024,20,Mexico City,ZHO,21,0.0
2024,20,Mexico City,SAR,22,0.0
2024,20,Mexico City,BOT,23,0.0
2024,21,Sao Paulo,VER,1,393.0
2024,21,Sao Paulo,NOR,2,331.0
2024,21,Sao Paulo,LEC,3,307.0
2024,21,Sao Paulo,PIA,4,262.0
2024,21,Sao Paulo,SAI,5,244.0
2024,21,Sao Paulo,RUS,6,192.0
2024,21,Sao Paulo,HAM,7,190.0
2024,21,Sao Paulo,PER,8,151.0
2024,21,Sao Paulo,ALO,9,62.0
2024,21,Sao Paulo,HUL,10,31.0
2024,21,Sao Paulo,TSU,11,28.0
2024,21,Sao Paulo,GAS,12,26.0
2024,21,Sao Paulo,STR,13,24.0
2024,21,Sao Paulo,OCO,14,23.0
2024,21,Sao Paulo,MAG,15,14.0
2024,21,Sao Paulo,ALB,16,12.0
2024,21,Sao Paulo,RIC,17,12.0
2024,21,Sao Paulo,BEA,18,7.0
2024,21,Sao Paulo,COL,19,5.0
2024,21,Sao Paulo,LAW,20,4.0
2024,21,Sao Paulo,ZHO,21,0.0
2024,21,Sao Paulo,SAR,22,0.0
2024,21,Sao Paulo,BOT,23,0.0
2024,22,Las Vegas,VER,1,403.0
2024,22,Las Vegas,NOR,2,340.0
2024,22,Las Vegas,LEC,3,319.0
2024,22,Las Vegas,PIA,4,268.0
2024,22,Las Vegas,SAI,5,259.0
2024,22,Las Vegas,RUS,6,217.0
2024,22,Las Vegas,HAM,7,208.0
2024,22,Las Vegas,PER,8,152.0
2024,22,Las Vegas,ALO,9,62.0
2024,22,Las Vegas,HUL,10,35.0
2024,22,Las Vegas,TSU,11,30.0
2024,22,Las Vegas,GAS,12,26.0
2024,22,Las Vegas,STR,13,24.0
2024,22,Las Vegas,OCO,14,23.0
2024,22,Las Vegas,MAG,15,14.0
2024,22,Las Vegas,ALB,16,12.0
2024,22,Las Vegas,RIC,17,12.0
2024,22,Las Vegas,BEA,18,7.0
2024,22,Las Vegas,COL,19,5.0
2024,22,Las Vegas,LAW,20,4.0
2024,22,Las Vegas,ZHO,21,0.0
2024,22,Las Vegas,SAR,22,0.0
2024,22,Las Vegas,BOT,23,0.0
2024,23,Qatar,VER,1,429.0
2024,23,Qatar,NOR,2,349.0
2024,23,Qatar,LEC,3,341.0
2024,23,Qatar,PIA,4,291.0
2024,23,Qatar,SAI,5,272.0
2024,23,Qatar,RUS,6,235.0
2024,23,Qatar,HAM,7,211.0
2024,23,Qatar,PER,8,152.0
2024,23,Qatar,ALO,9,68.0
2024,23,Qatar,HUL,10,37.0
2024,23,Qatar,GAS,11,36.0
2024,23,Qatar,TSU,12,30.0
2024,23,Qatar,STR,13,24.0
2024,23,Qatar,OCO,14,23.0
2024,23,Qatar,MAG,15,16.0
2024,23,Qatar,ALB,16,12.0
2024,23,Qatar,RIC,17,12.0
2024,23,Qatar,BEA,18,7.0
2024,23,Qatar,COL,19,5.0
2024,23,Qatar,ZHO,20,4.0
2024,23,Qatar,LAW,21,4.0
2024,23,Qatar,BOT,22,0.0
2024,23,Qatar,SAR,23,0.0
2024,24,Abu Dhabi,VER,1,437.0
2024,24,Abu Dhabi,NOR,2,374.0
2024,24,Abu Dhabi,LEC,3,356.0
2024,24,Abu Dhabi,PIA,4,292.0
2024,24,Abu Dhabi,SAI,5,290.0
2024,24,Abu Dhabi,RUS,6,245.0
2024,24,Abu Dhabi,HAM,7,223.0
2024,24,Abu Dhabi,PER,8,152.0
2024,24,Abu Dhabi,ALO,9,70.0
2024,24,Abu Dhabi,GAS,10,42.0
2024,24,Abu Dhabi,HUL,11,41.0
2024,24,Abu Dhabi,TSU,12,30.0
2024,24,Abu Dhabi,STR,13,24.0
2024,24,Abu Dhabi,OCO,14,23.0
2024,24,Abu Dhabi,MAG,15,16.0
2024,24,Abu Dhabi,ALB,16,12.0
2024,24,Abu Dhabi,RIC,17,12.0
2024,24,Abu Dhabi,BEA,18,7.0
2024,24,Abu Dhabi,COL,19,5.0
2024,24,Abu Dhabi,ZHO,20,4.0
2024,24,Abu Dhabi,LAW,21,4.0
2024,24,Abu Dhabi,BOT,22,0.0
2024,24,Abu Dhabi,SAR,23,0.0
2024,24,Abu Dhabi,DOO,24,0.0
2025,1,Melbourne,NOR,1,25.0
2025,1,Melbourne,VER,2,18.0
2025,1,Melbourne,RUS,3,15.0
2025,1,Melbourne,ANT,4,12.0
2025,1,Melbourne,ALB,5,10.0
2025,1,Melbourne,STR,6,8.0
2025,1,Melbourne,HUL,7,6.0
2025,1,Melbourne,LEC,8,4.0
2025,1,Melbourne,PIA,9,2.0
2025,1,Melbourne,HAM,10,1.0
2025,1,Melbourne,GAS,11,0.0
2025,1,Melbourne,TSU,12,0.0
2025,1,Melbourne,OCO,13,0.0
2025,1,Melbourne,BEA,14,0.0
2025,2,Shanghai,NOR,1,44.0
2025,2,Shanghai,VER,2,36.0
2025,2,Shanghai,RUS,3,35.0
2025,2,Shanghai,PIA,4,34.0
2025,2,Shanghai,ANT,5,22.0
2025,2,Shanghai,ALB,6,16.0
2025,2,Shanghai,OCO,7,10.0
2025,2,Shanghai,STR,8,10.0
2025,2,Shanghai,HAM,9,9.0
2025,2,Shanghai,LEC,10,8.0
2025,2,Shanghai,HUL,11,6.0
2025,2,Shanghai,BEA,12,4.0
2025,2,Shanghai,TSU,13,3.0
2025,2,Shanghai,SAI,14,1.0
2025,2,Shanghai,GAS,15,0.0
2025,2,Shanghai,HAD,16,0.0
2025,2,Shanghai,LAW,17,0.0
2025,2,Shanghai,DOO,18,0.0
2025,2,Shanghai,BOR,19,0.0
2025,3,Suzuka,NOR,1,62.0
2025,3,Suzuka,VER,2,61.0
2025,3,Suzuka,PIA,3,49.0
2025,3,Suzuka,RUS,4,45.0
2025,3,Suzuka,ANT,5,30.0
2025,3,Suzuka,LEC,6,20.0
2025,3,Suzuka,ALB,7,18.0
2025,3,Suzuka,HAM,8,15.0
2025,3,Suzuka,OCO,9,10.0
2025,3,Suzuka,STR,10,10.0
2025,3,Suzuka,HUL,11,6.0
2025,3,Suzuka,BEA,12,5.0
2025,3,Suzuka,HAD,13,4.0
2025,3,Suzuka,TSU,14,3.0
2025,3,Suzuka,SAI,15,1.0
2025,3,Suzuka,GAS,16,0.0
2025,3,Suzuka,ALO,17,0.0
2025,3,Suzuka,LAW,18,0.0
2025,3,Suzuka,DOO,19,0.0
2025,3,Suzuka,BOR,20,0.0
2025,4,Bahrain,NOR,1,77.0
2025,4,Bahrain,PIA,2,74.0
2025,4,Bahrain,VER,3,69.0
2025,4,Bahrain,RUS,4,63.0
2025,4,Bahrain,LEC,5,32.0
2025,4,Bahrain,ANT,6,30.0
2025,4,Bahrain,HAM,7,25.0
2025,4,Bahrain,ALB,8,18.0
2025,4,Bahrain,OCO,9,14.0
2025,4,Bahrain,STR,10,10.0
2025,4,Bahrain,GAS,11,6.0
2025,4,Bahrain,HUL,12,6.0
2025,4,Bahrain,BEA,13,6.0
2025,4,Bahrain,TSU,14,5.0
2025,4,Bahrain,HAD,15,4.0
2025,4,Bahrain,SAI,16,1.0
2025,4,Bahrain,ALO,17,0.0
2025,4,Bahrain,LAW,18,0.0
2025,4,Bahrain,DOO,19,0.0
2025,4,Bahrain,BOR,20,0.0
2025,5,Jeddah,PIA,1,99.0
2025,5,Jeddah,NOR,2,89.0
2025,5,Jeddah,VER,3,87.0
2025,5,Jeddah,RUS,4,73.0
2025,5,Jeddah,LEC,5,47.0
2025,5,Jeddah,ANT,6,38.0
2025,5,Jeddah,HAM,7,31.0
2025,5,Jeddah,ALB,8,20.0
2025,5,Jeddah,OCO,9,14.0
2025,5,Jeddah,STR,10,10.0
2025,5,Jeddah,GAS,11,6.0
2025,5,Jeddah,HUL,12,6.0
2025,5,Jeddah,BEA,13,6.0
2025,5,Jeddah,HAD,14,5.0
2025,5,Jeddah,SAI,15,5.0
2025,5,Jeddah,TSU,16,5.0
2025,5,Jeddah,ALO,17,0.0
2025,5,Jeddah,LAW,18,0.0
2025,5,Jeddah,DOO,19,0.0
2025,5,Jeddah,BOR,20,0.0
2025,6,Miami,PIA,1,131.0
2025,6,Miami,NOR,2,115.0
2025,6,Miami,VER,3,99.0
2025,6,Miami,RUS,4,93.0
2025,6,Miami,LEC,5,53.0
2025,6,Miami,ANT,6,48.0
2025,6,Miami,HAM,7,41.0
2025,6,Miami,ALB,8,30.0
2025,6,Miami,OCO,9,14.0
2025,6,Miami,STR,10,14.0
2025,6,Miami,TSU,11,9.0
2025,6,Miami,GAS,12,7.0
2025,6,Miami,SAI,13,7.0
2025,6,Miami,HUL,14,6.0
2025,6,Miami,BEA,15,6.0
2025,6,Miami,HAD,16,5.0
2025,6,Miami,ALO,17,0.0
2025,6,Miami,LAW,18,0.0
2025,6,Miami,DOO,19,0.0
2025,6,Miami,BOR,20,0.0
2025,7,Imola,PIA,1,146.0
2025,7,Imola,NOR,2,133.0
2025,7,Imola,VER,3,124.0
2025,7,Imola,RUS,4,99.0
2025,7,Imola,LEC,5,61.0
2025,7,Imola,HAM,6,53.0
2025,7,Imola,ANT,7,48.0
2025,7,Imola,ALB,8,40.0
2025,7,Imola,OCO,9,14.0
2025,7,Imola,STR,10,14.0
2025,7,Imola,SAI,11,11.0
2025,7,Imola,TSU,12,10.0
2025,7,Imola,GAS,13,7.0
2025,7,Imola,HAD,14,7.0
2025,7,Imola,HUL,15,6.0
2025,7,Imola,BEA,16,6.0
2025,7,Imola,ALO,17,0.0
2025,7,Imola,LAW,18,0.0
2025,7,Imola,DOO,19,0.0
2025,7,Imola,BOR,20,0.0
2025,7,Imola,COL,21,0.0
2025,8,Monaco,PIA,1,161.0
2025,8,Monaco,NOR,2,158.0
2025,8,Monaco,VER,3,136.0
2025,8,Monaco,RUS,4,99.0
2025,8,Monaco,LEC,5,79.0
2025,8,Monaco,HAM,6,63.0
2025,8,Monaco,ANT,7,48.0
2025,8,Monaco,ALB,8,42.0
2025,8,Monaco,OCO,9,20.0
2025,8,Monaco,HAD,10,15.0
2025,8,Monaco,STR,11,14.0
2025,8,Monaco,SAI,12,12.0
2025,8,Monaco,TSU,13,10.0
2025,8,Monaco,GAS,14,7.0
2025,8,Monaco,HUL,15,6.0
2025,8,Monaco,BEA,16,6.0
2025,8,Monaco,LAW,17,4.0
2025,8,Monaco,ALO,18,0.0
2025,8,Monaco,DOO,19,0.0
2025,8,Monaco,COL,20,0.0
2025,8,Monaco,BOR,21,0.0
2025,9,Barcelona,PIA,1,186.0
2025,9,Barcelona,NOR,2,176.0
2025,9,Barcelona,VER,3,137.0
2025,9,Barcelona,RUS,4,111.0
2025,9,Barcelona,LEC,5,94.0
2025,9,Barcelona,HAM,6,71.0
2025,9,Barcelona,ANT,7,48.0
2025,9,Barcelona,ALB,8,42.0
2025,9,Barcelona,HAD,9,21.0
2025,9,Barcelona,OCO,10,20.0
2025,9,Barcelona,HUL,11,16.0
2025,9,Barcelona,STR,12,14.0
2025,9,Barcelona,SAI,13,12.0
2025,9,Barcelona,GAS,14,11.0
2025,9,Barcelona,TSU,15,10.0
2025,9,Barcelona,BEA,16,6.0
2025,9,Barcelona,LAW,17,4.0
2025,9,Barcelona,ALO,18,2.0
2025,9,Barcelona,BOR,19,0.0
2025,9,Barcelona,DOO,20,0.0
2025,9,Barcelona,COL,21,0.0
2025,10,Montreal,PIA,1,198.0
2025,10,Montreal,NOR,2,176.0
2025,10,Montreal,VER,3,155.0
2025,10,Montreal,RUS,4,136.0
2025,10,Montreal,LEC,5,104.0
2025,10,Montreal,HAM,6,79.0
2025,10,Montreal,ANT,7,63.0
2025,10,Montreal,ALB,8,42.0
2025,10,Montreal,OCO,9,22.0
2025,10,Montreal,HAD,10,21.0
2025,10,Montreal,HUL,11,20.0
2025,10,Montreal,STR,12,14.0
2025,10,Montreal,SAI,13,13.0
2025,10,Montreal,GAS,14,11.0
2025,10,Montreal,TSU,15,10.0
2025,10,Montreal,ALO,16,8.0
2025,10,Montreal,BEA,17,6.0
2025,10,Montreal,LAW,18,4.0
2025,10,Montreal,BOR,19,0.0
2025,10,Montreal,COL,20,0.0
2025,10,Montreal,DOO,21,0.0
2025,11,Austria,PIA,1,216.0
2025,11,Austria,NOR,2,201.0
2025,11,Austria,VER,3,155.0
2025,11,Austria,RUS,4,146.0
2025,11,Austria,LEC,5,119.0
2025,11,Austria,HAM,6,91.0
2025,11,Austria,ANT,7,63.0
2025,11,Austria,ALB,8,42.0
2025,11,Austria,OCO,9,23.0
2025,11,Austria,HUL,10,22.0
2025,11,Austria,HAD,11,21.0
2025,11,Austria,STR,12,14.0
2025,11,Austria,ALO,13,14.0
2025,11,Austria,SAI,14,13.0
2025,11,Austria,LAW,15,12.0
2025,11,Austria,GAS,16,11.0
2025,11,Austria,TSU,17,10.0
2025,11,Austria,BEA,18,6.0
2025,11,Austria,BOR,19,4.0
2025,11,Austria,COL,20,0.0
2025,11,Austria,DOO,21,0.0
2025,12,Silverstone,PIA,1,234.0
2025,12,Silverstone,NOR,2,226.0
2025,12,Silverstone,VER,3,165.0
2025,12,Silverstone,RUS,4,147.0
2025,12,Silverstone,LEC,5,119.0
2025,12,Silverstone,HAM,6,103.0
2025,12,Silverstone,ANT,7,63.0
2025,12,Silverstone,ALB,8,46.0
2025,12,Silverstone,HUL,9,37.0
2025,12,Silverstone,OCO,10,23.0
2025,12,Silverstone,HAD,11,21.0
2025,12,Silverstone,STR,12,20.0
2025,12,Silverstone,GAS,13,19.0
2025,12,Silverstone,ALO,14,16.0
2025,12,Silverstone,SAI,15,13.0
2025,12,Silverstone,LAW,16,12.0
2025,12,Silverstone,TSU,17,10.0
2025,12,Silverstone,BEA,18,6.0
2025,12,Silverstone,BOR,19,4.0
2025,12,Silverstone,COL,20,0.0
2025,12,Silverstone,DOO,21,0.0
2025,13,Spa,PIA,1,266.0
2025,13,Spa,NOR,2,250.0
2025,13,Spa,VER,3,185.0
2025,13,Spa,RUS,4,157.0
2025,13,Spa,LEC,5,139.0
2025,13,Spa,HAM,6,109.0
2025,13,Spa,ANT,7,63.0
2025,13,Spa,ALB,8,54.0
2025,13,Spa,HUL,9,37.0
2025,13,Spa,OCO,10,27.0
2025,13,Spa,HAD,11,22.0
2025,13,Spa,GAS,12,20.0
2025,13,Spa,STR,13,20.0
2025,13,Spa,LAW,14,16.0
2025,13,Spa,ALO,15,16.0
2025,13,Spa,SAI,16,16.0
2025,13,Spa,TSU,17,10.0
2025,13,Spa,BEA,18,8.0
2025,13,Spa,BOR,19,6.0
2025,13,Spa,COL,20,0.0
2025,13,Spa,DOO,21,0.0
2025,14,Hungary,PIA,1,284.0
2025,14,Hungary,NOR,2,275.0
2025,14,Hungary,VER,3,187.0
2025,14,Hungary,RUS,4,172.0
2025,14,Hungary,LEC,5,151.0
2025,14,Hungary,HAM,6,109.0
2025,14,Hungary,ANT,7,64.0
2025,14,Hungary,ALB,8,54.0
2025,14,Hungary,HUL,9,37.0
2025,14,Hungary,OCO,10,27.0
2025,14,Hungary,ALO,11,26.0
2025,14,Hungary,STR,12,26.0
2025,14,Hungary,HAD,13,22.0
2025,14,Hungary,GAS,14,20.0
2025,14,Hungary,LAW,15,20.0
2025,14,Hungary,SAI,16,16.0
2025,14,Hungary,BOR,17,14.0
2025,14,Hungary,TSU,18,10.0
2025,14,Hungary,BEA,19,8.0
2025,14,Hungary,COL,20,0.0
2025,14,Hungary,DOO,21,0.0
2025,15,Zandvoort,PIA,1,309.0
2025,15,Zandvoort,NOR,2,275.0
2025,15,Zandvoort,VER,3,205.0
2025,15,Zandvoort,RUS,4,184.0
2025,15,Zandvoort,LEC,5,151.0
2025,15,Zandvoort,HAM,6,109.0
2025,15,Zandvoort,ANT,7,64.0
2025,15,Zandvoort,ALB,8,64.0
2025,15,Zandvoort,HUL,9,37.0
2025,15,Zandvoort,HAD,10,37.0
2025,15,Zandvoort,STR,11,32.0
2025,15,Zandvoort,ALO,12,30.0
2025,15,Zandvoort,OCO,13,28.0
2025,15,Zandvoort,GAS,14,20.0
2025,15,Zandvoort,LAW,15,20.0
2025,15,Zandvoort,BEA,16,16.0
2025,15,Zandvoort,SAI,17,16.0
2025,15,Zandvoort,BOR,18,14.0
2025,15,Zandvoort,TSU,19,12.0
2025,15,Zandvoort,COL,20,0.0
2025,15,Zandvoort,DOO,21,0.0
2025,16,Monza,PIA,1,324.0
2025,16,Monza,NOR,2,293.0
2025,16,Monza,VER,3,230.0
2025,16,Monza,RUS,4,194.0
2025,16,Monza,LEC,5,163.0
2025,16,Monza,HAM,6,117.0
2025,16,Monza,ALB,7,70.0
2025,16,Monza,ANT,8,66.0
2025,16,Monza,HAD,9,38.0
2025,16,Monza,HUL,10,37.0
2025,16,Monza,STR,11,32.0
2025,16,Monza,ALO,12,30.0
2025,16,Monza,OCO,13,28.0
2025,16,Monza,GAS,14,20.0
2025,16,Monza,LAW,15,20.0
2025,16,Monza,BOR,16,18.0
2025,16,Monza,BEA,17,16.0
2025,16,Monza,SAI,18,16.0
2025,16,Monza,TSU,19,12.0
2025,16,Monza,COL,20,0.0
2025,16,Monza,DOO,21,0.0
2025,17,Baku,PIA,1,324.0
2025,17,Baku,NOR,2,299.0
2025,17,Baku,VER,3,255.0
2025,17,Baku,RUS,4,212.0
2025,17,Baku,LEC,5,165.0
2025,17,Baku,HAM,6,121.0
2025,17,Baku,ANT,7,78.0
2025,17,Baku,ALB,8,70.0
2025,17,Baku,HAD,9,39.0
2025,17,Baku,HUL,10,37.0
2025,17,Baku,STR,11,32.0
2025,17,Baku,SAI,12,31.0
2025,17,Baku,LAW,13,30.0
2025,17,Baku,ALO,14,30.0
2025,17,Baku,OCO,15,28.0
2025,17,Baku,GAS,16,20.0
2025,17,Baku,TSU,17,20.0
2025,17,Baku,BOR,18,18.0
2025,17,Baku,BEA,19,16.0
2025,17,Baku,COL,20,0.0
2025,17,Baku,DOO,21,0.0
2025,18,Singapore,PIA,1,336.0
2025,18,Singapore,NOR,2,314.0
2025,18,Singapore,VER,3,273.0
2025,18,Singapore,RUS,4,237.0
2025,18,Singapore,LEC,5,173.0
2025,18,Singapore,HAM,6,125.0
2025,18,Singapore,ANT,7,88.0
2025,18,Singapore,ALB,8,70.0
2025,18,Singapore,HAD,9,39.0
2025,18,Singapore,HUL,10,37.0
2025,18,Singapore,ALO,11,36.0
2025,18,Singapore,SAI,12,32.0
2025,18,Singapore,STR,13,32.0
2025,18,Singapore,LAW,14,30.0
2025,18,Singapore,OCO,15,28.0
2025,18,Singapore,GAS,16,20.0
2025,18,Singapore,TSU,17,20.0
2025,18,Singapore,BOR,18,18.0
2025,18,Singapore,BEA,19,18.0
2025,18,Singapore,COL,20,0.0
2025,18,Singapore,DOO,21,0.0
2025,19,Austin,PIA,1,346.0
2025,19,Austin,NOR,2,332.0
2025,19,Austin,VER,3,306.0
2025,19,Austin,RUS,4,252.0
2025,19,Austin,LEC,5,192.0
2025,19,Austin,HAM,6,142.0
2025,19,Austin,ANT,7,89.0
2025,19,Austin,ALB,8,73.0
2025,19,Austin,HUL,9,41.0
2025,19,Austin,HAD,10,39.0
2025,19,Austin,SAI,11,38.0
2025,19,Austin,ALO,12,37.0
2025,19,Austin,STR,13,32.0
2025,19,Austin,LAW,14,30.0
2025,19,Austin,OCO,15,28.0
2025,19,Austin,TSU,16,28.0
2025,19,Austin,GAS,17,20.0
2025,19,Austin,BEA,18,20.0
2025,19,Austin,BOR,19,18.0
2025,19,Austin,COL,20,0.0
2025,19,Austin,DOO,21,0.0
2025,20,Mexico City,NOR,1,357.0
2025,20,Mexico City,PIA,2,356.0
2025,20,Mexico City,VER,3,321.0
2025,20,Mexico City,RUS,4,258.0
2025,20,Mexico City,LEC,5,210.0
2025,20,Mexico City,HAM,6,146.0
2025,20,Mexico City,ANT,7,97.0
2025,20,Mexico City,ALB,8,73.0
2025,20,Mexico City,HUL,9,41.0
2025,20,Mexico City,HAD,10,39.0
2025,20,Mexico City,SAI,11,38.0
2025,20,Mexico City,ALO,12,37.0
2025,20,Mexico City,BEA,13,32.0
2025,20,Mexico City,STR,14,32.0
2025,20,Mexico City,LAW,15,30.0
2025,20,Mexico City,OCO,16,30.0
2025,20,Mexico City,TSU,17,28.0
2025,20,Mexico City,GAS,18,20.0
2025,20,Mexico City,BOR,19,19.0
2025,20,Mexico City,COL,20,0.0
2025,20,Mexico City,DOO,21,0.0
2025,21,Sao Paulo,NOR,1,390.0
2025,21,Sao Paulo,PIA,2,366.0
2025,21,Sao Paulo,VER,3,341.0
2025,21,Sao Paulo,RUS,4,276.0
2025,21,Sao Paulo,LEC,5,214.0
2025,21,Sao Paulo,HAM,6,148.0
2025,21,Sao Paulo,ANT,7,122.0
2025,21,Sao Paulo,ALB,8,73.0
2025,21,Sao Paulo,HUL,9,43.0
2025,21,Sao Paulo,HAD,10,43.0
2025,21,Sao Paulo,BEA,11,40.0
2025,21,Sao Paulo,ALO,12,40.0
2025,21,Sao Paulo,SAI,13,38.0
2025,21,Sao Paulo,LAW,14,36.0
2025,21,Sao Paulo,STR,15,32.0
2025,21,Sao Paulo,OCO,16,30.0
2025,21,Sao Paulo,TSU,17,28.0
2025,21,Sao Paulo,GAS,18,22.0
2025,21,Sao Paulo,BOR,19,19.0
2025,21,Sao Paulo,COL,20,0.0
2025,21,Sao Paulo,DOO,21,0.0
2025,22,Las Vegas,NOR,1,390.0
2025,22,Las Vegas,PIA,2,366.0
2025,22,Las Vegas,VER,3,366.0
2025,22,Las Vegas,RUS,4,294.0
2025,22,Las Vegas,LEC,5,226.0
2025,22,Las Vegas,HAM,6,152.0
2025,22,Las Vegas,ANT,7,137.0
2025,22,Las Vegas,ALB,8,73.0
2025,22,Las Vegas,HAD,9,51.0
2025,22,Las Vegas,HUL,10,49.0
2025,22,Las Vegas,SAI,11,48.0
2025,22,Las Vegas,BEA,12,41.0
2025,22,Las Vegas,ALO,13,40.0
2025,22,Las Vegas,LAW,14,36.0
2025,22,Las Vegas,OCO,15,32.0
2025,22,Las Vegas,STR,16,32.0
2025,22,Las Vegas,TSU,17,28.0
2025,22,Las Vegas,GAS,18,22.0
2025,22,Las Vegas,BOR,19,19.0
2025,22,Las Vegas,COL,20,0.0
2025,22,Las Vegas,DOO,21,0.0
2025,23,Qatar,NOR,1,408.0
2025,23,Qatar,VER,2,396.0
2025,23,Qatar,PIA,3,392.0
2025,23,Qatar,RUS,4,309.0
2025,23,Qatar,LEC,5,230.0
2025,23,Qatar,HAM,6,152.0
2025,23,Qatar,ANT,7,150.0
2025,23,Qatar,ALB,8,73.0
2025,23,Qatar,SAI,9,64.0
2025,23,Qatar,HAD,10,51.0
2025,23,Qatar,HUL,11,49.0
2025,23,Qatar,ALO,12,48.0
2025,23,Qatar,BEA,13,41.0
2025,23,Qatar,LAW,14,38.0
2025,23,Qatar,TSU,15,33.0
2025,23,Qatar,OCO,16,32.0
2025,23,Qatar,STR,17,32.0
2025,23,Qatar,GAS,18,22.0
2025,23,Qatar,BOR,19,19.0
2025,23,Qatar,COL,20,0.0
2025,23,Qatar,DOO,21,0.0
2025,24,Abu Dhabi,NOR,1,423.0
2025,24,Abu Dhabi,VER,2,421.0
2025,24,Abu Dhabi,PIA,3,410.0
2025,24,Abu Dhabi,RUS,4,319.0
2025,24,Abu Dhabi,LEC,5,242.0
2025,24,Abu Dhabi,HAM,6,156.0
2025,24,Abu Dhabi,ANT,7,150.0
2025,24,Abu Dhabi,ALB,8,73.0
2025,24,Abu Dhabi,SAI,9,64.0
2025,24,Abu Dhabi,ALO,10,56.0
2025,24,Abu Dhabi,HUL,11,51.0
2025,24,Abu Dhabi,HAD,12,51.0
2025,24,Abu Dhabi,BEA,13,41.0
2025,24,Abu Dhabi,LAW,14,38.0
2025,24,Abu Dhabi,OCO,15,38.0
2025,24,Abu Dhabi,STR,16,33.0
2025,24,Abu Dhabi,TSU,17,33.0
2025,24,Abu Dhabi,GAS,18,22.0
2025,24,Abu Dhabi,BOR,19,19.0
2025,24,Abu Dhabi,COL,20,0.0
2025,24,Abu Dhabi,DOO,21,0.0
